﻿[
    {
        "id": 2,
        "autore": {
            "id": 1,
            "nome": "Admin",
            "username": "admin"
        },
        "categoria": {
            "id": 1,
            "nome": "Cronaca"
        },
        "titolo": "Phasellus in felis.",
        "testo": "Donec diam neque, vestibulum eget, vulputate ut, ultrices vel, augue. Vestibulum ante ipsum primis in faucibus orci luctus et ultrices posuere cubilia Curae; Donec pharetra, magna vestibulum aliquet ultrices, erat tortor sollicitudin mi, sit amet lobortis sapien sapien non mi. Integer ac neque.\n\nDuis bibendum. Morbi non quam nec dui luctus rutrum. Nulla tellus.\n\nIn sagittis dui vel nisl. Duis ac nibh. Fusce lacus purus, aliquet at, feugiat non, pretium quis, lectus.\n\nSuspendisse potenti. In eleifend quam a odio. In hac habitasse platea dictumst.",
        "dataCreazione": "2022-09-09T09:57:33.62"
    },
    {
        "id": 3,
        "autore": {
            "id": 1,
            "nome": "Admin",
            "username": "admin"
        },
        "categoria": {
            "id": 1,
            "nome": "Cronaca"
        },
        "titolo": "Ut tellus.",
        "testo": "Integer ac leo. Pellentesque ultrices mattis odio. Donec vitae nisi.\n\nNam ultrices, libero non mattis pulvinar, nulla pede ullamcorper augue, a suscipit nulla elit ac nulla. Sed vel enim sit amet nunc viverra dapibus. Nulla suscipit ligula in lacus.\n\nCurabitur at ipsum ac tellus semper interdum. Mauris ullamcorper purus sit amet nulla. Quisque arcu libero, rutrum ac, lobortis vel, dapibus at, diam.",
        "dataCreazione": "2022-09-09T09:57:33.62"
    },
    {
        "id": 4,
        "autore": {
            "id": 1,
            "nome": "Admin",
            "username": "admin"
        },
        "categoria": {
            "id": 1,
            "nome": "Cronaca"
        },
        "titolo": "Morbi porttitor lorem id ligula.",
        "testo": "Fusce consequat. Nulla nisl. Nunc nisl.\n\nDuis bibendum, felis sed interdum venenatis, turpis enim blandit mi, in porttitor pede justo eu massa. Donec dapibus. Duis at velit eu est congue elementum.\n\nIn hac habitasse platea dictumst. Morbi vestibulum, velit id pretium iaculis, diam erat fermentum justo, nec condimentum neque sapien placerat ante. Nulla justo.",
        "dataCreazione": "2022-09-09T09:57:33.62"
    },
    {
        "id": 5,
        "autore": {
            "id": 1,
            "nome": "Admin",
            "username": "admin"
        },
        "categoria": {
            "id": 1,
            "nome": "Cronaca"
        },
        "titolo": "Praesent blandit lacinia erat.",
        "testo": "Suspendisse potenti. In eleifend quam a odio. In hac habitasse platea dictumst.\n\nMaecenas ut massa quis augue luctus tincidunt. Nulla mollis molestie lorem. Quisque ut erat.",
        "dataCreazione": "2022-09-09T09:57:33.62"
    },
    {
        "id": 6,
        "autore": {
            "id": 1,
            "nome": "Admin",
            "username": "admin"
        },
        "categoria": {
            "id": 1,
            "nome": "Cronaca"
        },
        "titolo": "Donec quis orci eget orci vehicula condimentum.",
        "testo": "Lorem ipsum dolor sit amet, consectetuer adipiscing elit. Proin risus. Praesent lectus.\n\nVestibulum quam sapien, varius ut, blandit non, interdum in, ante. Vestibulum ante ipsum primis in faucibus orci luctus et ultrices posuere cubilia Curae; Duis faucibus accumsan odio. Curabitur convallis.\n\nDuis consequat dui nec nisi volutpat eleifend. Donec ut dolor. Morbi vel lectus in quam fringilla rhoncus.\n\nMauris enim leo, rhoncus sed, vestibulum sit amet, cursus id, turpis. Integer aliquet, massa id lobortis convallis, tortor risus dapibus augue, vel accumsan tellus nisi eu orci. Mauris lacinia sapien quis libero.\n\nNullam sit amet turpis elementum ligula vehicula consequat. Morbi a ipsum. Integer a nibh.",
        "dataCreazione": "2022-09-09T09:57:33.62"
    },
    {
        "id": 7,
        "autore": {
            "id": 1,
            "nome": "Admin",
            "username": "admin"
        },
        "categoria": {
            "id": 1,
            "nome": "Cronaca"
        },
        "titolo": "Vivamus tortor.",
        "testo": "Curabitur gravida nisi at nibh. In hac habitasse platea dictumst. Aliquam augue quam, sollicitudin vitae, consectetuer eget, rutrum at, lorem.\n\nInteger tincidunt ante vel ipsum. Praesent blandit lacinia erat. Vestibulum sed magna at nunc commodo placerat.\n\nPraesent blandit. Nam nulla. Integer pede justo, lacinia eget, tincidunt eget, tempus vel, pede.",
        "dataCreazione": "2022-09-09T09:57:33.62"
    },
    {
        "id": 8,
        "autore": {
            "id": 1,
            "nome": "Admin",
            "username": "admin"
        },
        "categoria": {
            "id": 1,
            "nome": "Cronaca"
        },
        "titolo": "Donec posuere metus vitae ipsum.",
        "testo": "Fusce posuere felis sed lacus. Morbi sem mauris, laoreet ut, rhoncus aliquet, pulvinar sed, nisl. Nunc rhoncus dui vel sem.\n\nSed sagittis. Nam congue, risus semper porta volutpat, quam pede lobortis ligula, sit amet eleifend pede libero quis orci. Nullam molestie nibh in lectus.",
        "dataCreazione": "2022-09-09T09:57:33.62"
    },
    {
        "id": 9,
        "autore": {
            "id": 1,
            "nome": "Admin",
            "username": "admin"
        },
        "categoria": {
            "id": 1,
            "nome": "Cronaca"
        },
        "titolo": "Aenean fermentum.",
        "testo": "In quis justo. Maecenas rhoncus aliquam lacus. Morbi quis tortor id nulla ultrices aliquet.\n\nMaecenas leo odio, condimentum id, luctus nec, molestie sed, justo. Pellentesque viverra pede ac diam. Cras pellentesque volutpat dui.\n\nMaecenas tristique, est et tempus semper, est quam pharetra magna, ac consequat metus sapien ut nunc. Vestibulum ante ipsum primis in faucibus orci luctus et ultrices posuere cubilia Curae; Mauris viverra diam vitae quam. Suspendisse potenti.\n\nNullam porttitor lacus at turpis. Donec posuere metus vitae ipsum. Aliquam non mauris.\n\nMorbi non lectus. Aliquam sit amet diam in magna bibendum imperdiet. Nullam orci pede, venenatis non, sodales sed, tincidunt eu, felis.",
        "dataCreazione": "2022-09-09T09:57:33.62"
    },
    {
        "id": 10,
        "autore": {
            "id": 1,
            "nome": "Admin",
            "username": "admin"
        },
        "categoria": {
            "id": 1,
            "nome": "Cronaca"
        },
        "titolo": "Proin eu mi.",
        "testo": "Proin interdum mauris non ligula pellentesque ultrices. Phasellus id sapien in sapien iaculis congue. Vivamus metus arcu, adipiscing molestie, hendrerit at, vulputate vitae, nisl.\n\nAenean lectus. Pellentesque eget nunc. Donec quis orci eget orci vehicula condimentum.",
        "dataCreazione": "2022-09-09T09:57:33.62"
    },
    {
        "id": 11,
        "autore": {
            "id": 1,
            "nome": "Admin",
            "username": "admin"
        },
        "categoria": {
            "id": 1,
            "nome": "Cronaca"
        },
        "titolo": "Phasellus in felis.",
        "testo": "Praesent blandit. Nam nulla. Integer pede justo, lacinia eget, tincidunt eget, tempus vel, pede.\n\nMorbi porttitor lorem id ligula. Suspendisse ornare consequat lectus. In est risus, auctor sed, tristique in, tempus sit amet, sem.\n\nFusce consequat. Nulla nisl. Nunc nisl.",
        "dataCreazione": "2022-09-09T09:57:33.62"
    },
    {
        "id": 12,
        "autore": {
            "id": 1,
            "nome": "Admin",
            "username": "admin"
        },
        "categoria": {
            "id": 1,
            "nome": "Cronaca"
        },
        "titolo": "Nulla justo.",
        "testo": "Duis bibendum, felis sed interdum venenatis, turpis enim blandit mi, in porttitor pede justo eu massa. Donec dapibus. Duis at velit eu est congue elementum.\n\nIn hac habitasse platea dictumst. Morbi vestibulum, velit id pretium iaculis, diam erat fermentum justo, nec condimentum neque sapien placerat ante. Nulla justo.\n\nAliquam quis turpis eget elit sodales scelerisque. Mauris sit amet eros. Suspendisse accumsan tortor quis turpis.",
        "dataCreazione": "2022-09-09T09:57:33.62"
    },
    {
        "id": 13,
        "autore": {
            "id": 1,
            "nome": "Admin",
            "username": "admin"
        },
        "categoria": {
            "id": 1,
            "nome": "Cronaca"
        },
        "titolo": "Aenean sit amet justo.",
        "testo": "Etiam vel augue. Vestibulum rutrum rutrum neque. Aenean auctor gravida sem.\n\nPraesent id massa id nisl venenatis lacinia. Aenean sit amet justo. Morbi ut odio.",
        "dataCreazione": "2022-09-09T09:57:33.62"
    },
    {
        "id": 14,
        "autore": {
            "id": 1,
            "nome": "Admin",
            "username": "admin"
        },
        "categoria": {
            "id": 1,
            "nome": "Cronaca"
        },
        "titolo": "Proin risus.",
        "testo": "Nullam sit amet turpis elementum ligula vehicula consequat. Morbi a ipsum. Integer a nibh.\n\nIn quis justo. Maecenas rhoncus aliquam lacus. Morbi quis tortor id nulla ultrices aliquet.\n\nMaecenas leo odio, condimentum id, luctus nec, molestie sed, justo. Pellentesque viverra pede ac diam. Cras pellentesque volutpat dui.\n\nMaecenas tristique, est et tempus semper, est quam pharetra magna, ac consequat metus sapien ut nunc. Vestibulum ante ipsum primis in faucibus orci luctus et ultrices posuere cubilia Curae; Mauris viverra diam vitae quam. Suspendisse potenti.",
        "dataCreazione": "2022-09-09T09:57:33.62"
    },
    {
        "id": 15,
        "autore": {
            "id": 1,
            "nome": "Admin",
            "username": "admin"
        },
        "categoria": {
            "id": 1,
            "nome": "Cronaca"
        },
        "titolo": "Morbi odio odio, elementum eu, interdum eu, tincidunt in, leo.",
        "testo": "Nulla ut erat id mauris vulputate elementum. Nullam varius. Nulla facilisi.\n\nCras non velit nec nisi vulputate nonummy. Maecenas tincidunt lacus at velit. Vivamus vel nulla eget eros elementum pellentesque.\n\nQuisque porta volutpat erat. Quisque erat eros, viverra eget, congue eget, semper rutrum, nulla. Nunc purus.",
        "dataCreazione": "2022-09-09T09:57:33.6233333"
    },
    {
        "id": 16,
        "autore": {
            "id": 1,
            "nome": "Admin",
            "username": "admin"
        },
        "categoria": {
            "id": 1,
            "nome": "Cronaca"
        },
        "titolo": "Aenean sit amet justo.",
        "testo": "Vestibulum quam sapien, varius ut, blandit non, interdum in, ante. Vestibulum ante ipsum primis in faucibus orci luctus et ultrices posuere cubilia Curae; Duis faucibus accumsan odio. Curabitur convallis.\n\nDuis consequat dui nec nisi volutpat eleifend. Donec ut dolor. Morbi vel lectus in quam fringilla rhoncus.\n\nMauris enim leo, rhoncus sed, vestibulum sit amet, cursus id, turpis. Integer aliquet, massa id lobortis convallis, tortor risus dapibus augue, vel accumsan tellus nisi eu orci. Mauris lacinia sapien quis libero.",
        "dataCreazione": "2022-09-09T09:57:33.6233333"
    },
    {
        "id": 17,
        "autore": {
            "id": 1,
            "nome": "Admin",
            "username": "admin"
        },
        "categoria": {
            "id": 1,
            "nome": "Cronaca"
        },
        "titolo": "Vivamus vestibulum sagittis sapien.",
        "testo": "Duis bibendum. Morbi non quam nec dui luctus rutrum. Nulla tellus.\n\nIn sagittis dui vel nisl. Duis ac nibh. Fusce lacus purus, aliquet at, feugiat non, pretium quis, lectus.\n\nSuspendisse potenti. In eleifend quam a odio. In hac habitasse platea dictumst.",
        "dataCreazione": "2022-09-09T09:57:33.6233333"
    },
    {
        "id": 18,
        "autore": {
            "id": 1,
            "nome": "Admin",
            "username": "admin"
        },
        "categoria": {
            "id": 1,
            "nome": "Cronaca"
        },
        "titolo": "Sed ante.",
        "testo": "Etiam vel augue. Vestibulum rutrum rutrum neque. Aenean auctor gravida sem.\n\nPraesent id massa id nisl venenatis lacinia. Aenean sit amet justo. Morbi ut odio.",
        "dataCreazione": "2022-09-09T09:57:33.6233333"
    },
    {
        "id": 19,
        "autore": {
            "id": 1,
            "nome": "Admin",
            "username": "admin"
        },
        "categoria": {
            "id": 1,
            "nome": "Cronaca"
        },
        "titolo": "Pellentesque eget nunc.",
        "testo": "Cum sociis natoque penatibus et magnis dis parturient montes, nascetur ridiculus mus. Vivamus vestibulum sagittis sapien. Cum sociis natoque penatibus et magnis dis parturient montes, nascetur ridiculus mus.\n\nEtiam vel augue. Vestibulum rutrum rutrum neque. Aenean auctor gravida sem.\n\nPraesent id massa id nisl venenatis lacinia. Aenean sit amet justo. Morbi ut odio.",
        "dataCreazione": "2022-09-09T09:57:33.6233333"
    },
    {
        "id": 20,
        "autore": {
            "id": 1,
            "nome": "Admin",
            "username": "admin"
        },
        "categoria": {
            "id": 1,
            "nome": "Cronaca"
        },
        "titolo": "Duis ac nibh.",
        "testo": "Duis bibendum. Morbi non quam nec dui luctus rutrum. Nulla tellus.\n\nIn sagittis dui vel nisl. Duis ac nibh. Fusce lacus purus, aliquet at, feugiat non, pretium quis, lectus.",
        "dataCreazione": "2022-09-09T09:57:33.6233333"
    },
    {
        "id": 21,
        "autore": {
            "id": 1,
            "nome": "Admin",
            "username": "admin"
        },
        "categoria": {
            "id": 1,
            "nome": "Cronaca"
        },
        "titolo": "Aenean fermentum.",
        "testo": "Quisque id justo sit amet sapien dignissim vestibulum. Vestibulum ante ipsum primis in faucibus orci luctus et ultrices posuere cubilia Curae; Nulla dapibus dolor vel est. Donec odio justo, sollicitudin ut, suscipit a, feugiat et, eros.\n\nVestibulum ac est lacinia nisi venenatis tristique. Fusce congue, diam id ornare imperdiet, sapien urna pretium nisl, ut volutpat sapien arcu sed augue. Aliquam erat volutpat.\n\nIn congue. Etiam justo. Etiam pretium iaculis justo.\n\nIn hac habitasse platea dictumst. Etiam faucibus cursus urna. Ut tellus.\n\nNulla ut erat id mauris vulputate elementum. Nullam varius. Nulla facilisi.",
        "dataCreazione": "2022-09-09T09:57:33.6233333"
    }
]